namePlayer,yearDraft,numberPickOverall,gp,gs,fgmTotals,fgaTotals,pctFG,fg3mTotals,fg3aTotals,pctFG3,pctFT,fg2mTotals,fg2aTotals,pctFG2,minutesTotals,ftmTotals,ftaTotals,orebTotals,drebTotals,trebTotals,astTotals,stlTotals,blkTotals,tovTotals,pfTotals,ptsTotals,allStar,allNBA,Champion,WS
Kenyon Martin,2000,1,757,667,3875,8031,0.482505,66,282,0.234042553,0.629274,3809,7749,0.491547296,23137,1509,2398,1312,3847,5159,1439,893,864,1318,2498,9325,1,0,0,48
Stromile Swift,2000,2,547,97,1713,3623,0.472812,2,27,0.074074074,0.699393,1711,3596,0.475806452,10804,1154,1650,885,1650,2535,275,354,683,690,1357,4582,0,0,0,21.3
Darius Miles,2000,3,446,190,1874,3973,0.471683,22,131,0.167938931,0.5896,1852,3842,0.482040604,11730,737,1250,575,1615,2190,840,384,495,892,1023,4507,0,0,0,9.5
Marcus Fizer,2000,4,289,35,1103,2536,0.434936,21,110,0.190909091,0.691158,1082,2426,0.446001649,6037,555,803,375,965,1340,352,134,81,428,648,2782,0,0,0,2.7
Mike Miller,2000,5,1032,570,4016,8747,0.459128,1590,3910,0.406649616,0.768924,2426,4837,0.501550548,27813,1351,1757,632,3744,4376,2666,573,229,1561,2043,10973,0,0,2,60.7
DerMarr Johnson,2000,6,344,136,770,1872,0.411324,274,815,0.336196319,0.789203,496,1057,0.469252602,5930,307,389,192,577,769,304,198,149,349,598,2121,0,0,0,6.4
Chris Mihm,2000,7,436,256,1253,2731,0.458806,3,13,0.230769231,0.704396,1250,2718,0.459896983,8754,753,1069,865,1437,2302,223,128,444,535,1264,3262,0,0,0,13.3
Jamal Crawford,2000,8,1327,433,6752,16467,0.410032,2221,6379,0.348173695,0.861875,4531,10088,0.449147502,38994,3694,4286,466,2482,2948,4541,1179,271,2476,2008,19419,0,0,0,60.7
Joel Przybilla,2000,9,592,397,896,1624,0.551724,0,3,0,0.556666,896,1621,0.552745219,11736,501,900,1112,2553,3665,256,157,836,574,1604,2293,0,0,0,23
Keyon Dooling,2000,10,728,86,1810,4356,0.415518,446,1277,0.349256069,0.798882,1364,3079,0.443000974,14134,1001,1253,132,832,964,1601,463,75,803,1221,5067,0,0,0,18.5
Jerome Moiso,2000,11,145,3,158,323,0.489164,0,3,0,0.59322,158,320,0.49375,1392,70,118,126,269,395,38,45,68,104,183,386,0,0,0,2.1
Etan Thomas,2000,12,409,74,890,1734,0.513264,0,0,,0.603225,890,1734,0.513264129,7086,561,930,677,1250,1927,149,128,427,385,889,2341,0,0,0,14.9
Courtney Alexander,2000,13,187,59,655,1552,0.422036,41,121,0.338842975,0.812949,614,1431,0.42907058,3157,339,417,124,285,409,227,111,18,203,377,1690,0,0,0,4.1
Mateen Cleaves,2000,14,167,10,233,599,0.388981,12,45,0.266666667,0.727777,221,554,0.398916968,1863,131,180,33,142,175,310,67,5,201,213,609,0,0,0,-0.8
Kwame Brown,2001,1,607,281,1518,3088,0.49158,1,9,0.111111111,0.570285,1517,3079,0.492692433,13392,998,1750,1085,2248,3333,554,324,376,771,1385,4035,0,0,0,20.8
Tyson Chandler,2001,2,1160,886,3558,5964,0.596579,0,11,0,0.644318,3558,5953,0.597681841,31618,2393,3714,3529,6938,10467,967,630,1335,1656,3268,9509,1,1,1,102.1
Pau Gasol,2001,3,1226,1150,7980,15729,0.507343,179,486,0.368312757,0.753446,7801,15243,0.511775897,41002,4755,6311,3085,8220,11305,3925,606,1941,2638,2632,20894,6,4,2,144.1
Eddy Curry,2001,4,527,411,2578,4734,0.544571,2,2,1,0.642194,2576,4732,0.544378698,13112,1662,2588,947,1778,2725,287,155,384,1174,1562,6820,0,0,1,21.7
Jason Richardson,2001,5,857,842,5558,12681,0.438293,1608,4344,0.370165746,0.707442,3950,8337,0.473791532,29243,1920,2714,1033,3212,4245,2284,995,367,1503,1963,14644,0,0,0,59.1
Shane Battier,2001,6,977,705,2982,6819,0.437307,1250,3254,0.384142594,0.743462,1732,3565,0.485834502,30004,1194,1606,1273,2809,4082,1717,988,906,878,2208,8408,0,0,2,75.7
Eddie Griffin,2001,7,303,117,854,2263,0.377375,237,752,0.315159574,0.670623,617,1511,0.408338848,6729,226,337,497,1247,1744,236,105,518,227,506,2171,0,0,0,10.9
DeSagana Diop,2001,8,601,93,503,1177,0.427357,1,6,0.166666667,0.467191,502,1171,0.428693424,8406,178,381,834,1385,2219,270,227,630,355,1219,1185,0,0,0,12.8
Rodney White,2001,9,218,21,617,1455,0.424054,91,290,0.313793103,0.749128,526,1165,0.451502146,3354,215,287,113,372,485,237,118,65,285,309,1540,0,0,0,1.8
Joe Johnson,2001,10,1277,1091,7823,17720,0.441478,1978,5331,0.371037329,0.802479,5845,12389,0.471789491,44233,2783,3468,1067,3992,5059,5001,1071,260,2451,2252,20407,7,1,0,82.9
Kedrick Brown,2001,11,143,36,203,501,0.405189,46,168,0.273809524,0.640449,157,333,0.471471471,1937,57,89,98,249,347,103,85,28,64,170,509,0,0,0,3
Vladimir Radmanovic,2001,12,737,213,2148,5177,0.414912,971,2567,0.378262563,0.758364,1177,2610,0.450957854,16164,612,807,654,2130,2784,998,537,263,837,1552,5879,0,0,0,26.5
Richard Jefferson,2001,13,1181,809,5150,11102,0.46388,1042,2769,0.376309137,0.767837,4108,8333,0.492979719,34295,3562,4639,917,3803,4720,2412,787,347,1768,2637,14904,0,0,1,83
Troy Murphy,2001,14,729,482,2848,6400,0.445,613,1578,0.388466413,0.784522,2235,4822,0.463500622,19921,1551,1977,1373,4335,5708,1088,478,294,886,1890,7860,0,0,0,50.3
Yao Ming,2002,1,486,476,3380,6445,0.524437,2,10,0.2,0.832774,3378,6435,0.524941725,15818,2485,2984,1233,3261,4494,769,189,920,1311,1596,9247,8,5,0,65.9
Jay Williams,2002,2,75,54,273,685,0.39854,65,202,0.321782178,0.639751,208,483,0.430641822,1962,103,161,27,168,195,350,86,17,171,179,714,0,0,0,0.8
Mike Dunleavy,2002,3,986,585,3935,8926,0.440846,1304,3460,0.376878613,0.803257,2631,5466,0.481339188,27338,1874,2333,698,3513,4211,2185,719,324,1369,1986,11048,0,0,0,58.5
Drew Gooden,2002,4,790,500,3432,7435,0.4616,88,342,0.257309942,0.759714,3344,7093,0.471450726,20130,1701,2239,1878,3740,5618,896,544,474,1158,1957,8653,0,0,0,43.9
Nikoloz Tskitishvili,2002,5,172,16,190,626,0.303514,43,183,0.234972678,0.730434,147,443,0.331828442,1945,84,115,109,198,307,114,46,50,126,227,507,0,0,0,-1.6
Dajuan Wagner,2002,6,103,28,354,967,0.36608,92,287,0.320557491,0.769953,262,680,0.385294118,2202,164,213,29,113,142,195,69,14,136,212,964,0,0,0,0
Nene,2002,7,965,626,4175,7621,0.547828,7,53,0.132075472,0.660455,4168,7568,0.550739958,25234,2552,3864,1688,4140,5828,1719,1041,721,1688,2934,10909,0,0,0,73.3
Chris Wilcox,2002,8,628,261,2101,3884,0.540937,0,18,0,0.643147,2101,3866,0.543455768,12475,948,1474,970,2106,3076,455,322,246,705,1517,5150,0,0,0,26.9
Amar'e Stoudemire,2002,9,846,696,5911,11009,0.536924,30,127,0.236220472,0.760837,5881,10882,0.540433744,26252,4142,5444,2029,4603,6632,1050,636,1054,1953,2685,15994,6,5,0,92.5
Caron Butler,2002,10,881,732,4596,10592,0.433912,746,2144,0.347947761,0.847042,3850,8448,0.455729167,28330,2492,2942,1103,3284,4387,2007,1163,216,1594,2129,12430,2,0,1,50.9
Jared Jeffries,2002,11,629,335,1163,2728,0.426319,73,292,0.25,0.583011,1090,2436,0.447454844,13577,604,1036,1166,1397,2563,798,435,323,674,1529,3003,0,0,0,13.1
Melvin Ely,2002,12,375,55,783,1702,0.460047,0,3,0,0.624633,783,1699,0.460859329,6004,426,682,448,767,1215,261,99,209,392,765,1992,0,0,1,4
Marcus Haislip,2002,13,89,8,125,286,0.437062,7,20,0.35,0.658536,118,266,0.443609023,852,54,82,51,80,131,16,15,34,39,100,311,0,0,0,0.5
Fred Jones,2002,14,430,78,1090,2651,0.411165,346,979,0.353421859,0.808561,744,1672,0.444976077,10299,680,841,157,801,958,990,336,115,511,831,3206,0,0,0,16.5
LeBron James,2003,1,1438,1436,14312,28328,0.505224,2299,6660,0.345195195,0.73475,12013,21668,0.554412036,54663,8155,11099,1678,9117,10795,10531,2211,1086,5028,2624,39078,19,19,4,257.2
Darko Milicic,2003,2,468,208,1196,2602,0.459646,0,6,0,0.573569,1196,2596,0.460708783,8638,421,734,628,1343,1971,405,206,613,573,1065,2813,0,0,1,7.1
Carmelo Anthony,2003,3,1260,1120,10119,22643,0.446893,1731,4873,0.355222655,0.814013,8388,17770,0.472031514,43514,6320,7764,1983,5825,7808,3422,1223,644,3052,3543,28289,10,6,0,108.5
Chris Bosh,2003,4,893,881,6209,12581,0.493521,305,910,0.335164835,0.798783,5904,11671,0.505869249,31935,4466,5591,1927,5665,7592,1795,730,932,1807,2159,17189,11,1,2,106
Dwyane Wade,2003,5,1054,909,8454,17617,0.479877,549,1874,0.292956243,0.764839,7905,15743,0.50212793,35778,5708,7463,1258,3675,4933,5701,1620,885,3326,2328,23165,13,8,3,120.7
Chris Kaman,2003,6,735,538,3432,7023,0.48868,1,24,0.041666667,0.742809,3431,6999,0.490212888,19641,1343,1808,1487,4095,5582,921,322,931,1544,1968,8208,1,0,0,24.6
Kirk Hinrich,2003,7,879,665,3503,8522,0.411053,1172,3122,0.375400384,0.8,2331,5400,0.431666667,27018,1416,1770,310,2266,2576,4245,972,243,1617,2487,9594,0,0,0,52.5
T.J. Ford,2003,8,429,306,1829,4223,0.433104,127,439,0.28929385,0.814814,1702,3784,0.449788584,11885,1012,1242,296,1035,1331,2495,496,55,1047,972,4797,0,0,0,16.9
Michael Sweetney,2003,9,233,73,564,1164,0.484536,0,2,0,0.689165,564,1162,0.485370052,3611,388,563,400,645,1045,145,73,107,277,569,1516,0,0,0,7.8
Jarvis Hayes,2003,10,427,115,1397,3363,0.415402,392,1101,0.356039964,0.797826,1005,2262,0.444297082,9900,367,460,244,1086,1330,459,312,56,374,852,3553,0,0,0,10.2
Mickael Pietrus,2003,11,557,172,1625,3821,0.425281,679,1910,0.355497382,0.664767,946,1911,0.495028781,11947,700,1053,440,1283,1723,445,371,230,576,1270,4629,0,0,0,19.7
Nick Collison,2003,12,910,177,2212,4146,0.533526,21,101,0.207920792,0.722529,2191,4045,0.541656366,18600,914,1265,1766,2935,4701,939,446,469,878,2507,5359,0,0,0,44.5
Marcus Banks,2003,13,348,37,741,1715,0.432069,125,382,0.327225131,0.768189,616,1333,0.462115529,5566,454,591,100,419,519,728,266,57,436,674,2061,0,0,0,6.6
Luke Ridnour,2003,14,830,493,2933,6803,0.431133,584,1674,0.348864994,0.862299,2349,5129,0.457984012,21624,1290,1496,363,1514,1877,3713,814,161,1349,1779,7740,0,0,0,36
Dwight Howard,2004,1,1242,1078,7051,12016,0.5868,22,103,0.213592233,0.567001,7029,11913,0.590027701,39456,5361,9455,4151,10476,14627,1676,1081,2228,3302,3912,19485,8,8,1,141.7
Emeka Okafor,2004,2,616,603,3004,5867,0.512016,0,2,0,0.585806,3004,5865,0.512190963,19054,1362,2325,1954,4013,5967,520,414,1003,984,1696,7370,0,0,0,45.3
Ben Gordon,2004,3,744,269,3931,9092,0.432358,1171,2921,0.400890106,0.856725,2760,6171,0.447253281,20365,2051,2394,333,1518,1851,1868,508,114,1551,1720,11084,0,0,0,33.3
Shaun Livingston,2004,4,833,191,2149,4419,0.486309,13,73,0.178082192,0.793787,2136,4346,0.491486424,17188,920,1159,491,1498,1989,2483,586,311,1034,1498,5231,0,0,3,29.9
Devin Harris,2004,5,985,448,3486,8072,0.431863,832,2558,0.325254105,0.796407,2654,5514,0.481320276,23961,2793,3507,290,1861,2151,3869,998,194,1682,2171,10597,1,0,0,54.9
Josh Childress,2004,6,391,70,1343,2571,0.522364,99,301,0.328903654,0.778571,1244,2270,0.548017621,10433,763,980,732,1118,1850,609,339,184,439,725,3548,0,0,0,25.7
Luol Deng,2004,7,902,828,5130,11257,0.455716,658,1982,0.331987891,0.769448,4472,9275,0.482156334,30941,2443,3175,1462,4006,5468,2042,880,444,1459,1499,13361,2,0,0,74
Rafael Araujo,2004,8,139,75,156,385,0.405194,1,4,0.25,0.678571,155,381,0.406824147,1585,76,112,124,271,395,41,51,16,111,300,389,0,0,0,-0.4
Andre Iguodala,2004,9,1231,784,5028,10870,0.462557,1081,3278,0.329774253,0.708813,3947,7592,0.519889357,39506,2831,3994,1118,4929,6047,5147,1765,633,2240,2180,13968,1,0,4,100.4
Luke Jackson,2004,10,73,3,84,235,0.357446,32,89,0.359550562,0.732394,52,146,0.356164384,724,52,71,27,62,89,58,24,3,49,71,252,0,0,0,0.2
Andris Biedrins,2004,11,516,311,1432,2409,0.594437,0,2,0,0.5,1432,2407,0.59493145,11147,383,766,1190,2441,3631,467,331,580,479,1626,3247,0,0,0,30.7
Robert Swift,2004,12,97,34,172,340,0.505882,0,0,,0.610169,172,340,0.505882353,1498,72,118,122,254,376,20,26,86,71,224,416,0,0,0,1.7
Sebastian Telfair,2004,13,564,193,1542,3953,0.390083,361,1133,0.318623124,0.776842,1181,2820,0.418794326,12149,738,950,151,747,898,1960,413,75,859,1196,4183,0,0,0,5
Kris Humphries,2004,14,800,203,2078,4486,0.463218,55,188,0.292553191,0.700492,2023,4298,0.470684039,14232,1139,1626,1387,2927,4314,556,326,454,691,1456,5350,0,0,0,30.3
Andrew Bogut,2005,1,706,661,2986,5585,0.534646,3,25,0.12,0.55719,2983,5560,0.536510791,19863,833,1495,1754,4358,6112,1546,442,1091,1204,2186,6808,0,1,1,50.6
Marvin Williams,2005,2,1072,828,3928,8872,0.442741,1046,2894,0.361437457,0.807752,2882,5978,0.482101037,30159,2063,2554,1276,4270,5546,1373,824,577,1021,2155,10965,0,0,0,65.1
Deron Williams,2005,3,845,771,4874,10964,0.444545,1178,3296,0.357402913,0.821816,3696,7668,0.48200313,28865,2878,3502,353,2266,2619,6819,867,206,2402,2132,13804,3,2,0,77.3
Chris Paul,2005,4,1231,1221,7748,16443,0.471203,1662,4510,0.368514412,0.8704,6086,11933,0.510014246,42262,4755,5463,746,4776,5522,11632,2569,195,2908,2954,21913,12,11,0,206.5
Raymond Felton,2005,5,971,659,4105,9959,0.412189,925,2813,0.32883043,0.789885,3180,7146,0.445004198,28830,1718,2175,552,2315,2867,5096,1144,207,2008,1870,10853,0,0,0,40.2
Martell Webster,2005,6,580,266,1696,4062,0.417528,790,2067,0.38219642,0.79095,906,1995,0.454135338,13915,874,1105,352,1459,1811,588,299,160,536,1055,5056,0,0,0,24.7
Charlie Villanueva,2005,7,656,163,2652,6097,0.434968,716,2101,0.3407901,0.771792,1936,3996,0.484484484,13577,788,1021,795,2224,3019,549,329,349,650,1453,6808,0,0,0,22.6
Channing Frye,2005,8,890,445,2931,6655,0.44042,1049,2706,0.387657058,0.822368,1882,3949,0.476576348,19775,875,1064,767,3235,4002,864,457,540,787,2255,7786,0,0,1,38.9
Ike Diogu,2005,9,225,18,488,958,0.509394,1,2,0.5,0.786016,487,956,0.509414226,2795,371,472,275,414,689,69,36,65,200,425,1348,0,0,0,6.5
Andrew Bynum,2005,10,418,319,1917,3446,0.556297,1,9,0.111111111,0.689727,1916,3437,0.557462904,10690,987,1431,1007,2214,3221,490,133,657,644,1028,4822,1,1,2,37.4
Yaroslav Korolev,2005,12,34,0,13,46,0.282608,3,12,0.25,0.625,10,34,0.294117647,168,10,16,6,10,16,13,6,0,7,11,39,0,0,0,-0.1
Sean May,2005,13,119,25,324,708,0.457627,3,13,0.230769231,0.745614,321,695,0.461870504,1869,170,228,155,326,481,115,53,47,134,236,821,0,0,0,2.6
Rashad McCants,2005,14,249,39,923,2144,0.430503,292,793,0.368221942,0.741304,631,1351,0.467061436,5037,341,460,114,392,506,331,183,61,362,584,2479,0,0,0,3.6
Andrea Bargnani,2006,1,550,377,2932,6676,0.439185,627,1771,0.354037267,0.82409,2305,4905,0.469928644,15807,1382,1677,530,2011,2541,653,207,470,851,1338,7873,0,0,0,18.9
LaMarcus Aldridge,2006,2,1076,997,8311,16872,0.492591,227,710,0.31971831,0.812842,8084,16162,0.500185621,36242,3709,4563,2776,5960,8736,2076,758,1187,1643,2598,20558,7,5,0,115.7
Adam Morrison,2006,3,161,28,467,1252,0.373003,124,375,0.330666667,0.71,343,877,0.391106043,3278,142,200,82,260,342,222,40,12,172,273,1200,0,0,2,-1.4
Tyrus Thomas,2006,4,402,129,1147,2620,0.437786,8,34,0.235294118,0.732407,1139,2586,0.440448569,7932,791,1080,550,1388,1938,347,328,525,527,989,3093,0,0,0,13
Shelden Williams,2006,5,361,104,590,1276,0.462382,2,9,0.222222222,0.740237,588,1267,0.464088398,5586,436,589,529,1033,1562,163,179,164,304,733,1618,0,0,0,9.9
Brandon Roy,2006,6,326,300,2224,4849,0.458651,322,925,0.348108108,0.800234,1902,3924,0.48470948,11560,1366,1707,347,1041,1388,1517,335,76,595,630,6136,3,2,0,37.4
Randy Foye,2006,7,752,433,2704,6750,0.400592,1104,3017,0.365926417,0.851644,1600,3733,0.428609697,19279,1217,1429,245,1441,1686,2112,528,220,1106,1584,7729,0,0,0,23.5
Rudy Gay,2006,8,1120,779,6670,14771,0.45156,1186,3429,0.345873432,0.799384,5484,11342,0.483512608,34561,3116,3898,1447,4836,6283,2280,1231,798,2245,2524,17642,0,0,0,61
Patrick O'Bryant,2006,9,90,3,79,160,0.49375,0,3,0,0.583333,79,157,0.503184713,524,28,48,32,95,127,25,18,40,42,126,186,0,0,0,0.5
Mouhamed Sene,2006,10,47,3,35,82,0.426829,0,0,,0.589285,35,82,0.426829268,260,33,56,28,47,75,1,4,22,15,44,103,0,0,0,0.3
JJ Redick,2006,11,940,488,4009,8976,0.446635,1950,4704,0.414540816,0.891774,2059,4272,0.481975655,23965,2060,2310,172,1731,1903,1862,420,88,1040,1417,12028,0,0,0,63.7
Hilton Armstrong,2006,12,292,40,347,693,0.500721,2,7,0.285714286,0.582278,345,686,0.502915452,3379,184,316,292,474,766,102,90,142,230,544,880,0,0,0,3.9
Thabo Sefolosha,2006,13,869,475,1916,4264,0.449343,513,1468,0.349455041,0.731679,1403,2796,0.501788269,19060,649,887,626,2626,3252,1196,935,366,755,1418,4994,0,0,0,39.3
Ronnie Brewer,2006,14,502,304,1554,3169,0.490375,90,355,0.253521127,0.675159,1464,2814,0.520255864,11539,742,1099,451,976,1427,828,622,120,390,545,3940,0,0,0,30.4
Greg Oden,2007,1,105,66,317,552,0.574275,0,0,,0.658146,317,552,0.574275362,2028,206,313,256,400,656,51,40,130,138,374,840,0,0,0,7.3
Kevin Durant,2007,2,1001,998,9360,18741,0.499439,1898,4908,0.386715566,0.885751,7462,13833,0.539434685,36734,6745,7615,681,6384,7065,4349,1066,1123,3180,1928,27363,13,10,2,164.2
Al Horford,2007,3,1028,1008,5690,11106,0.512335,771,2071,0.372283921,0.759195,4919,9035,0.544438296,32904,1548,2039,2033,6226,8259,3371,798,1200,1487,2267,13699,5,1,0,107.7
Mike Conley,2007,4,1041,1004,5362,12216,0.438932,1658,4324,0.383441258,0.821031,3704,7892,0.469336036,33105,2803,3414,498,2601,3099,5950,1451,213,2017,2059,15185,1,0,0,94.2
Jeff Green,2007,5,1121,651,5003,11122,0.449829,1124,3335,0.337031484,0.80293,3879,7787,0.498137922,31756,2685,3344,959,3722,4681,1701,739,562,1533,2383,13815,0,0,1,52.7
Yi Jianlian,2007,6,272,163,813,2012,0.404075,75,225,0.333333333,0.780104,738,1787,0.412982652,6037,447,573,379,960,1339,192,136,184,302,618,2148,0,0,0,3.1
Corey Brewer,2007,7,819,310,2684,6314,0.425087,503,1774,0.283540023,0.71279,2181,4540,0.480396476,18772,1226,1720,613,1674,2287,1250,1023,222,950,1768,7097,0,0,1,22.5
Brandan Wright,2007,8,428,62,1271,2095,0.606682,0,12,0,0.673913,1271,2083,0.610177628,6949,434,644,586,974,1560,199,198,425,202,574,2976,0,0,0,26.2
Joakim Noah,2007,9,672,512,2248,4574,0.491473,0,16,0,0.699848,2248,4558,0.493198771,18645,1385,1979,2141,3917,6058,1907,534,874,1133,1874,5881,2,1,0,61.9
Spencer Hawes,2007,10,684,368,2451,5363,0.45702,359,1026,0.349902534,0.716115,2092,4337,0.482361079,15542,671,937,991,2902,3893,1271,264,652,971,1709,5932,0,0,0,22.6
Acie Law,2007,11,188,8,263,637,0.412872,27,115,0.234782609,0.77828,236,522,0.45210728,2385,172,221,33,162,195,309,83,4,145,193,725,0,0,0,1.6
Thaddeus Young,2007,12,1142,720,6080,12098,0.502562,521,1586,0.328499369,0.662441,5559,10512,0.528824201,32584,1411,2130,2251,4263,6514,2081,1589,453,1627,2437,14092,0,0,0,70.7
Julian Wright,2007,13,231,40,397,795,0.499371,16,61,0.262295082,0.584337,381,734,0.519073569,3048,97,166,184,347,531,182,132,69,164,182,907,0,0,0,3.9
Al Thornton,2007,14,296,167,1368,3029,0.451634,78,266,0.293233083,0.747379,1290,2763,0.466883822,8275,713,954,392,841,1233,353,185,152,424,771,3527,0,0,0,6.1
Derrick Rose,2008,1,707,511,4874,10698,0.455599,583,1841,0.31667572,0.830925,4291,8857,0.484475556,21795,2128,2561,552,1741,2293,3711,532,241,1725,872,12459,3,1,0,44.4
Michael Beasley,2008,2,609,238,3088,6644,0.46478,291,835,0.348502994,0.75931,2797,5809,0.481494233,13904,1101,1450,664,2197,2861,788,345,314,1025,1294,7568,0,0,0,15.6
O.J. Mayo,2008,3,547,325,2808,6547,0.428898,854,2287,0.373414954,0.820208,1954,4260,0.458685446,16921,1104,1346,285,1421,1706,1607,559,141,1130,1239,7574,0,0,0,21.8
Russell Westbrook,2008,4,1110,1038,8835,20179,0.437831,1243,4075,0.305030675,0.77686,7592,16104,0.471435668,37993,5741,7390,1801,6267,8068,9246,1799,351,4486,2891,24654,9,9,0,109
Kevin Love,2008,5,885,682,4901,11177,0.438489,1581,4281,0.369306237,0.829832,3320,6896,0.481438515,26514,3516,4237,2145,6992,9137,2055,545,354,1625,1742,14899,5,2,1,91.7
Danilo Gallinari,2008,6,743,563,3496,8164,0.428221,1439,3772,0.381495228,0.876342,2057,4392,0.468351548,22013,3019,3445,510,3047,3557,1438,540,265,892,1320,11450,0,0,0,64.6
Eric Gordon,2008,7,834,640,4551,10586,0.429907,1924,5182,0.371285218,0.810848,2627,5404,0.486121392,26726,2332,2876,320,1659,1979,2353,700,292,1599,1523,13358,0,0,0,39.5
Joe Alexander,2008,8,67,0,103,251,0.410358,16,47,0.340425532,0.697674,87,204,0.426470588,745,60,86,46,74,120,44,16,30,52,116,282,0,0,0,0.5
D.J. Augustin,2008,9,976,334,2994,7270,0.411829,1262,3311,0.38115373,0.867069,1732,3959,0.437484213,22852,2009,2317,292,1513,1805,3761,567,32,1428,1350,9259,0,0,0,47.7
Brook Lopez,2008,10,963,923,6006,12088,0.496856,818,2362,0.346316681,0.795692,5188,9726,0.533415587,29057,2882,3622,1956,4059,6015,1363,556,1773,1602,2542,15712,1,0,1,80.9
Jerryd Bayless,2008,11,586,99,1719,4180,0.411244,499,1382,0.361070912,0.818181,1220,2798,0.436025733,12485,972,1188,176,1059,1235,1674,370,73,825,1206,4909,0,0,0,18.6
Jason Thompson,2008,12,588,412,2112,4255,0.496357,6,42,0.142857143,0.656836,2106,4213,0.49988132,14820,980,1492,1264,2616,3880,635,283,414,747,1751,5210,0,0,0,23.8
Brandon Rush,2008,13,481,163,1220,2861,0.426424,522,1300,0.401538462,0.705882,698,1561,0.447149263,10564,288,408,187,1226,1413,468,222,262,400,620,3250,0,0,1,11.2
Anthony Randolph,2008,14,252,43,677,1494,0.453145,20,83,0.240963855,0.73975,657,1411,0.465627215,3840,415,561,335,743,1078,187,150,224,298,456,1789,0,0,0,5.8
Blake Griffin,2009,1,765,692,5419,10988,0.493174,538,1639,0.328248932,0.695874,4881,9349,0.522087924,24386,3137,4508,1487,4622,6109,3055,626,359,1732,2058,14513,6,5,0,81.1
Hasheem Thabeet,2009,2,224,20,182,321,0.566978,0,0,,0.577669,182,321,0.566978193,2358,119,206,203,392,595,27,59,184,123,453,483,0,0,0,4.8
James Harden,2009,3,1011,797,7337,16597,0.442067,2776,7654,0.362686177,0.859732,4561,8943,0.510007827,35112,7398,8605,786,4913,5699,7083,1535,549,3760,2586,24848,10,7,0,159.2
Tyreke Evans,2009,4,594,426,3510,7978,0.439959,500,1548,0.322997416,0.756521,3010,6430,0.468118196,18242,1827,2415,500,2220,2720,2852,734,222,1489,1308,9347,0,0,0,28.4
Ricky Rubio,2009,5,698,603,2468,6364,0.387806,637,1969,0.323514474,0.842616,1831,4395,0.416609784,20694,1997,2370,428,2402,2830,5160,1226,94,1768,1738,7570,0,0,0,42.3
Jonny Flynn,2009,6,163,90,551,1379,0.399564,118,349,0.338108883,0.809116,433,1030,0.42038835,3738,284,351,44,263,307,634,122,7,382,179,1504,0,0,0,-1.1
Stephen Curry,2009,7,897,891,7572,15938,0.47509,3470,8110,0.427866831,0.909417,4102,7828,0.524016352,30798,3544,3897,602,3646,4248,5799,1431,209,2832,2123,22158,9,9,4,129.8
Jordan Hill,2009,8,409,120,1357,2733,0.496523,3,22,0.136363636,0.698778,1354,2711,0.499446699,7691,515,737,879,1510,2389,322,150,272,426,875,3232,0,0,0,16.4
DeMar DeRozan,2009,9,1048,1036,7918,16938,0.467469,471,1607,0.293092719,0.839374,7447,15331,0.485747831,36079,5743,6842,759,3867,4626,4183,1036,331,2158,2383,22050,6,3,0,93.7
Brandon Jennings,2009,10,555,429,2750,7099,0.387378,914,2648,0.345166163,0.795754,1836,4451,0.412491575,16843,1387,1743,329,1330,1659,3151,679,98,1203,996,7801,0,0,0,29.9
Terrence Williams,2009,11,153,9,437,1061,0.411875,58,183,0.316939891,0.659482,379,878,0.43166287,2922,153,232,67,478,545,364,83,19,222,199,1085,0,0,0,-0.2
Gerald Henderson,2009,12,535,333,2249,5111,0.440031,249,762,0.326771654,0.792838,2000,4349,0.459875834,13855,1240,1564,314,1402,1716,1009,358,183,639,930,5987,0,0,0,18.3
Tyler Hansbrough,2009,13,428,50,947,2156,0.439239,3,22,0.136363636,0.738184,944,2134,0.442361762,7232,984,1333,745,1063,1808,181,207,91,319,869,2881,0,0,0,20.2
Earl Clark,2009,14,261,54,453,1125,0.402666,82,250,0.328,0.663716,371,875,0.424,3631,150,226,195,583,778,134,83,136,175,323,1138,0,0,0,2.9
John Wall,2010,1,647,604,4373,10171,0.429947,651,2021,0.322117763,0.775951,3722,8150,0.456687117,22587,2691,3468,361,2343,2704,5735,1045,439,2412,1394,12088,5,1,0,44.5
Evan Turner,2010,2,705,295,2748,6331,0.434054,270,917,0.294438386,0.781966,2478,5414,0.457702253,18939,1058,1353,388,2890,3278,2462,532,184,1267,1380,6824,0,0,0,20.2
Derrick Favors,2010,3,790,503,3420,6407,0.533791,38,192,0.197916667,0.66337,3382,6215,0.544167337,19202,1476,2225,1933,3675,5608,851,577,939,995,1976,8354,0,0,0,60.2
Wesley Johnson,2010,4,609,334,1629,4028,0.404419,614,1823,0.33680746,0.740816,1015,2205,0.46031746,13471,363,490,337,1587,1924,645,468,402,525,1168,4235,0,0,0,55.2
DeMarcus Cousins,2010,5,654,561,4562,9924,0.459693,426,1288,0.330745342,0.737247,4136,8636,0.478925428,19509,3252,4411,1692,4972,6664,1979,874,742,2149,2421,12802,4,2,0,46.8
Ekpe Udoh,2010,6,384,56,519,1145,0.453275,0,4,0,0.717539,519,1141,0.454864154,5694,315,439,456,644,1100,260,177,429,222,714,1353,0,0,0,10.4
Greg Monroe,2010,7,646,417,3371,6556,0.514185,1,17,0.058823529,0.702668,3370,6539,0.515369323,17670,1659,2361,1799,3494,5293,1376,680,373,1198,1435,8402,0,0,0,50.4
Al-Farouq Aminu,2010,8,711,445,1948,4641,0.419737,543,1634,0.332313341,0.746109,1405,3007,0.467243099,17698,911,1221,982,3298,4280,879,678,397,863,1302,5350,0,0,0,27.6
Gordon Hayward,2010,9,798,635,4312,9500,0.453894,1086,2947,0.36851035,0.823166,3226,6553,0.492293606,24865,2672,3246,605,2985,3590,2845,786,316,1556,1381,12382,1,0,0,62.2
Paul George,2010,10,809,761,5705,13039,0.437533,2060,5404,0.381199112,0.851428,3645,7635,0.47740668,27241,3278,3850,701,4477,5178,2987,1381,347,2207,2161,16748,8,6,0,82.9
Cole Aldrich,2010,11,339,23,435,825,0.527272,0,0,,0.737704,435,825,0.527272727,3388,180,244,334,797,1131,183,137,233,199,509,1050,0,0,0,9.6
Xavier Henry,2010,12,185,23,368,907,0.405733,41,126,0.325396825,0.634883,327,781,0.418693982,2905,273,430,81,270,351,120,100,23,139,264,1050,0,0,0,0.8
Ed Davis,2010,13,722,106,1773,3128,0.566815,0,4,0,0.583398,1773,3124,0.567541613,13757,745,1277,1590,3026,4616,539,349,566,532,1749,4291,0,0,0,43.3
Patrick Patterson,2010,14,719,104,1871,4185,0.447072,630,1709,0.36863663,0.755064,1241,2476,0.501211632,14921,410,543,822,1977,2799,736,368,296,450,1116,4782,0,0,0,31.9
Kyrie Irving,2011,1,684,684,5898,12488,0.472293,1596,4076,0.391560353,0.884602,4302,8412,0.511412268,23474,2637,2981,543,2155,2698,3907,897,290,1746,1582,16029,8,3,1,80.8
Derrick Williams,2011,2,428,112,1329,3064,0.433746,251,838,0.299522673,0.710339,1078,2226,0.48427673,8863,900,1267,351,1342,1693,293,199,108,399,532,3809,0,0,0,14.1
Enes Freedom,2011,3,748,259,3426,6254,0.547809,46,159,0.289308176,0.776766,3380,6095,0.554552912,16101,1451,1868,2223,3599,5822,638,296,363,1076,1606,8349,0,0,0,52.8
Tristan Thompson,2011,4,744,478,2669,5138,0.519462,10,38,0.263157895,0.603301,2659,5100,0.521372549,19685,1279,2120,2420,3735,6155,736,366,506,832,1668,6627,0,0,1,47.9
Jonas Valanciunas,2011,5,792,763,4241,7565,0.560608,206,575,0.35826087,0.789012,4035,6990,0.577253219,20572,1982,2512,2220,5316,7536,1009,317,779,1322,2281,10670,0,0,0,75
Jan Vesely,2011,6,162,25,263,505,0.520792,0,2,0,0.407643,263,503,0.522862823,2455,64,157,225,337,562,96,107,84,123,384,590,0,0,0,4
Bismack Biyombo,2011,7,810,334,1611,3014,0.534505,0,3,0,0.556413,1611,3011,0.535038193,15879,937,1684,1579,3244,4823,519,211,1051,732,1765,4159,0,0,0,32.1
Brandon Knight,2011,8,451,349,2260,5499,0.410983,715,2029,0.35239034,0.806964,1545,3470,0.445244957,13203,1066,1321,236,1149,1385,1777,386,75,1090,889,6301,0,0,0,11.6
Kemba Walker,2011,9,750,697,4999,11954,0.418186,1670,4642,0.359758725,0.84019,3329,7312,0.455278993,24810,2818,3354,418,2413,2831,3938,923,282,1574,1111,14486,4,1,0,59.8
Jimmer Fredette,2011,10,241,7,524,1282,0.408736,193,519,0.371868979,0.879464,331,763,0.433813893,3211,197,224,53,190,243,331,94,11,223,222,1438,0,0,0,2.2
Klay Thompson,2011,11,732,695,5388,11856,0.454453,2257,5437,0.415118632,0.852407,3131,6419,0.487770681,24022,1363,1599,336,2257,2593,1704,632,386,1250,1534,14396,5,2,4,51.9
Alec Burks,2011,12,687,143,2467,5901,0.418064,788,2053,0.383828544,0.801873,1679,3848,0.436330561,15737,1712,2135,395,2003,2398,1402,481,144,831,1302,7434,0,0,0,29.2
Markieff Morris,2011,13,752,378,3066,6883,0.445445,635,1857,0.341949381,0.778141,2431,5026,0.483684839,18090,1189,1528,883,2903,3786,1185,587,374,1104,2013,7956,0,0,1,27.4
Marcus Morris Sr.,2011,14,793,503,3547,8161,0.434628,1260,3345,0.376681614,0.773464,2287,4816,0.474875415,21376,1335,1726,681,2890,3571,1202,532,228,916,1698,9689,0,0,0,38.6
Anthony Davis,2012,1,677,670,6059,11656,0.519818,314,1048,0.299618321,0.794117,5745,10608,0.541572398,23309,3780,4760,1768,5301,7069,1618,901,1575,1342,1618,16212,8,4,1,102.7
Michael Kidd-Gilchrist,2012,2,446,356,1462,3085,0.473905,28,103,0.27184466,0.715053,1434,2982,0.480885312,10979,798,1116,703,1717,2420,515,296,304,400,956,3750,0,0,0,21
Bradley Beal,2012,3,698,664,5642,12281,0.459408,1519,4085,0.371848225,0.821917,4123,8196,0.503050268,24176,2640,3212,604,2249,2853,2983,774,285,1717,1551,15443,3,1,0,52.2
Dion Waiters,2012,4,419,211,2106,5110,0.412133,575,1660,0.346385542,0.69439,1531,3450,0.443768116,11835,718,1034,166,942,1108,1163,391,113,761,813,5505,0,0,1,8.8
Thomas Robinson,2012,5,313,12,640,1361,0.470242,0,6,0,0.505091,640,1355,0.472324723,4203,248,491,542,965,1507,190,161,111,319,546,1528,0,0,0,4.6
Damian Lillard,2012,6,784,784,6387,14557,0.438757,2430,6541,0.371502828,0.895792,3957,8016,0.493637725,28451,4556,5086,478,2842,3320,5245,748,240,2224,1497,19760,7,7,0,104.9
Harrison Barnes,2012,7,844,783,4236,9303,0.455336,1163,3074,0.378334418,0.810904,3073,6229,0.493337614,26898,2350,2898,861,3368,4229,1526,591,153,1029,1305,11985,0,0,1,52.3
Terrence Ross,2012,8,733,187,2940,7032,0.418088,1329,3673,0.361829567,0.837162,1611,3359,0.479607026,17957,838,1001,256,1805,2061,936,587,231,700,1230,8047,0,0,0,25
Andre Drummond,2012,9,803,630,4397,8116,0.541769,15,118,0.127118644,0.47658,4382,7998,0.547886972,22351,1628,3416,3435,6636,10071,1047,1041,1087,1505,2395,10437,2,1,0,71.2
Austin Rivers,2012,10,707,184,2214,5289,0.418604,789,2260,0.349115044,0.652975,1425,3029,0.470452294,16856,779,1193,222,1220,1442,1513,494,112,732,1479,5996,0,0,0,15.2
Meyers Leonard,2012,11,456,95,972,2016,0.482142,334,856,0.390186916,0.81155,638,1160,0.55,7271,267,329,333,1438,1771,396,85,127,315,981,2545,0,0,0,15.8
Jeremy Lamb,2012,12,573,136,2127,4841,0.439372,601,1755,0.342450142,0.856627,1526,3086,0.494491251,11896,950,1109,303,1770,2073,904,417,218,466,924,5805,0,0,0,26.8
Kendall Marshall,2012,13,160,57,315,789,0.399239,128,346,0.369942197,0.611111,187,443,0.422121896,3083,44,72,23,230,253,779,107,10,285,180,802,0,0,0,1
John Henson,2012,14,445,160,1438,2661,0.540398,20,80,0.25,0.568261,1418,2581,0.549399458,8752,487,857,802,1566,2368,496,211,642,496,998,3383,0,0,0,20.7
Anthony Bennett,2013,1,151,4,251,641,0.391575,36,138,0.260869565,0.670391,215,503,0.427435388,1905,120,179,132,340,472,77,58,27,99,206,658,0,0,0,0.5
Victor Oladipo,2013,2,504,397,3118,7152,0.435961,814,2349,0.346530438,0.788388,2304,4803,0.479700187,16247,1453,1843,289,1956,2245,1970,805,230,1266,1202,8503,2,1,0,25.6
Otto Porter Jr.,2013,3,521,319,2084,4366,0.477324,683,1717,0.397786838,0.796852,1401,2649,0.528878822,13337,557,699,602,1990,2592,776,584,219,398,910,5408,0,0,1,36.7
Cody Zeller,2013,4,523,275,1632,3135,0.520574,32,148,0.216216216,0.725988,1600,2987,0.535654503,11319,1028,1416,1036,2024,3060,718,325,327,540,1328,4324,0,0,0,32.9
Alex Len,2013,5,602,237,1704,3355,0.507898,110,337,0.326409496,0.681886,1594,3018,0.528164347,10972,911,1336,1109,2308,3417,506,229,566,693,1495,4429,0,0,0,22.1
Nerlens Noel,2013,6,467,223,1375,2518,0.546068,3,15,0.2,0.655095,1372,2503,0.548142229,10281,585,893,898,1936,2834,501,588,683,593,1192,3338,0,0,0,28.3
Ben McLemore,2013,7,556,268,1768,4270,0.414051,868,2392,0.362876254,0.780332,900,1878,0.479233227,12534,611,783,222,1047,1269,563,353,106,608,1175,5015,0,0,0,9
Kentavious Caldwell-Pope,2013,8,777,635,3186,7502,0.424686,1323,3613,0.366177692,0.817282,1863,3889,0.479043456,22970,1239,1516,468,1924,2392,1380,888,198,810,1441,8934,0,0,2,40.3
Trey Burke,2013,9,498,130,1847,4500,0.410444,564,1637,0.344532682,0.810318,1283,2863,0.448131331,10401,534,659,164,714,878,1522,274,52,555,641,4792,0,0,0,12.9
CJ McCollum,2013,10,671,574,4987,11011,0.45291,1598,4045,0.395055624,0.803395,3389,6966,0.486505886,21480,1467,1826,432,1966,2398,2507,605,266,1218,1421,13039,0,0,0,45.3
Michael Carter-Williams,2013,11,395,217,1498,3730,0.401608,183,716,0.255586592,0.705159,1315,3014,0.436297279,9944,861,1221,379,1339,1718,1708,498,215,916,964,4040,0,0,0,6.6
Steven Adams,2013,12,706,641,2713,4619,0.587356,1,15,0.066666667,0.535854,2712,4604,0.589052997,18945,1091,2036,2599,3189,5788,1079,624,675,1029,1748,6518,0,0,0,59.3
Kelly Olynyk,2013,13,695,235,2547,5311,0.47957,840,2278,0.368744513,0.795591,1707,3033,0.5628091,15718,1191,1497,840,2766,3606,1566,539,325,1092,1976,7125,0,0,0,40.6
Shabazz Muhammad,2013,14,278,16,940,1988,0.472837,123,386,0.31865285,0.751124,817,1602,0.509987516,4771,501,667,294,476,770,151,81,24,183,283,2504,0,0,0,8.5
Andrew Wiggins,2014,1,652,652,4614,10286,0.44857,940,2672,0.351796407,0.717805,3674,7614,0.482532178,22580,2185,3044,833,2071,2904,1496,646,434,1268,1446,12353,1,0,1,26
Jabari Parker,2014,2,310,190,1767,3579,0.493713,212,651,0.325652842,0.743259,1555,2928,0.531079235,8537,634,853,449,1254,1703,610,271,118,534,627,4380,0,0,0,13.8
Joel Embiid,2014,3,410,410,3692,7377,0.500474,472,1406,0.335704125,0.821924,3220,5971,0.539273154,13076,3374,4105,929,3653,4582,1460,367,684,1394,1263,11230,6,5,0,59.3
Aaron Gordon,2014,4,612,523,3122,6605,0.472672,655,2028,0.322978304,0.68215,2467,4577,0.538999345,17873,1307,1916,1047,2824,3871,1577,461,400,919,1213,8206,0,0,1,36.5
Dante Exum,2014,5,260,72,538,1311,0.410373,170,562,0.302491103,0.759124,368,749,0.491321762,4700,208,274,98,378,476,536,105,46,311,445,1454,0,0,0,3.4
Marcus Smart,2014,6,592,371,2116,5468,0.386978,929,2880,0.322569444,0.777313,1187,2588,0.458655332,17770,1117,1437,484,1600,2084,2755,936,218,1119,1540,6278,0,0,0,33.3
Julius Randle,2014,7,611,531,4154,8888,0.467371,692,2080,0.332692308,0.743527,3462,6808,0.508519389,19439,2441,3283,1198,4537,5735,2241,426,258,1690,1893,11441,2,2,0,40.1
Nik Stauskas,2014,8,343,63,770,1981,0.388692,400,1131,0.353669319,0.812064,370,850,0.435294118,6700,350,431,78,613,691,515,139,80,340,426,2290,0,0,0,3.9
Noah Vonleh,2014,9,362,172,651,1417,0.459421,93,303,0.306930693,0.692124,558,1114,0.500897666,5855,290,419,488,1302,1790,264,139,144,278,645,1685,0,0,0,9.4
Elfrid Payton,2014,10,500,395,2086,4666,0.447063,190,662,0.287009063,0.62292,1896,4004,0.473526474,13384,674,1082,523,1484,2007,2867,588,151,1084,1000,5036,0,0,0,15.8
Doug McDermott,2014,11,608,94,2113,4457,0.474085,874,2123,0.411681583,0.811501,1239,2334,0.530848329,12609,508,626,250,1143,1393,618,132,61,414,914,5608,0,0,0,20.5
Dario Saric,2014,12,430,220,1688,3812,0.442812,585,1623,0.360443623,0.837719,1103,2189,0.503883052,10139,764,912,620,1781,2401,811,252,92,646,894,4725,0,0,0,19.3
Zach LaVine,2014,13,572,485,4188,9021,0.46425,1278,3342,0.382405745,0.834061,2910,5679,0.512414157,18597,2101,2519,268,2039,2307,2244,507,167,1501,1234,11755,2,0,0,31.8
T.J. Warren,2014,14,374,236,2256,4461,0.505716,269,759,0.354413702,0.780346,1987,3702,0.536736899,10241,675,865,475,1018,1493,437,349,180,361,856,5456,0,0,0,20.8
Karl-Anthony Towns,2015,1,527,527,4470,8511,0.525202,871,2205,0.395011338,0.836594,3599,6306,0.570726292,17964,2309,2760,1510,4334,5844,1673,425,693,1419,1799,12120,1,1,0,70.6
D'Angelo Russell,2015,2,513,449,3279,7670,0.427509,1276,3514,0.363118953,0.787356,2003,4156,0.481953802,15336,1233,1566,261,1519,1780,2919,551,158,1415,967,9067,1,0,0,20.8
Jahlil Okafor,2015,3,247,116,1092,2016,0.541666,6,27,0.222222222,0.676258,1086,1989,0.546003017,4826,376,556,377,792,1169,225,73,195,347,515,2566,0,0,0,7.2
Kristaps Porzingis,2015,4,417,416,2886,6339,0.455276,761,2128,0.357612782,0.825888,2125,4211,0.504630729,12958,1627,1970,725,2570,3295,739,302,760,712,1274,8160,1,0,0,37.1
Mario Hezonja,2015,5,330,69,854,2047,0.417195,266,833,0.319327731,0.811518,588,1214,0.484349259,6108,310,382,147,879,1026,415,243,80,371,549,2284,0,0,0,3.2
Willie Cauley-Stein,2015,6,422,255,1552,2853,0.543988,6,32,0.1875,0.612134,1546,2821,0.548032613,9275,565,923,694,1776,2470,598,349,335,384,974,3675,0,0,0,23.3
Emmanuel Mudiay,2015,7,302,165,1222,3051,0.400524,276,855,0.322807018,0.744215,946,2196,0.430783242,7185,579,778,138,746,884,1143,215,88,670,492,3299,0,0,0,-0.2
Stanley Johnson,2015,8,449,104,1028,2630,0.390874,340,1114,0.305206463,0.748175,688,1516,0.453825858,8878,410,548,253,1151,1404,679,383,106,480,871,2806,0,0,0,6.9
Frank Kaminsky,2015,9,413,49,1306,3034,0.430454,428,1226,0.349102773,0.745891,878,1808,0.485619469,8160,590,791,300,1279,1579,651,174,146,314,609,3630,0,0,0,15.9
Justise Winslow,2015,10,344,128,1121,2718,0.412435,229,728,0.31456044,0.638146,892,1990,0.448241206,8907,358,561,364,1396,1760,890,307,137,500,794,2829,0,0,0,8.2
Myles Turner,2015,11,509,476,2566,5150,0.498252,508,1437,0.353514266,0.771698,2058,3713,0.554268785,14628,1227,1590,730,2736,3466,624,358,1159,702,1522,6867,0,0,0,39.4
Trey Lyles,2015,12,525,126,1479,3337,0.443212,487,1420,0.342957746,0.748831,992,1917,0.517475222,9510,641,856,444,1824,2268,543,202,187,444,752,4086,0,0,0,17.1
Devin Booker,2015,13,539,514,4542,9844,0.461397,1109,3101,0.357626572,0.869291,3433,6743,0.509120569,18213,2760,3175,302,1852,2154,2601,456,151,1665,1595,12953,3,1,0,37.6
Cameron Payne,2015,14,344,58,1051,2492,0.421749,372,1009,0.368681863,0.819935,679,1483,0.457855698,6257,255,311,100,653,753,1160,229,73,423,600,2729,0,0,0,9.8
Ben Simmons,2016,1,323,314,1936,3459,0.559699,5,36,0.138888889,0.590106,1931,3423,0.564125037,10622,835,1415,579,1966,2545,2423,521,228,1037,932,4712,3,1,0,32.9
Brandon Ingram,2016,2,428,389,3022,6488,0.465782,578,1603,0.360573924,0.783036,2444,4885,0.500307062,14125,1671,2134,310,1910,2220,1750,301,231,1076,1040,8293,1,0,0,23
Jaylen Brown,2016,3,486,379,3282,6904,0.475376,922,2530,0.364426877,0.722566,2360,4374,0.539551898,14515,1284,1777,447,2083,2530,1109,474,180,987,1225,8770,2,1,0,30.5
Dragan Bender,2016,4,187,67,373,934,0.399357,183,567,0.322751323,0.653846,190,367,0.517711172,3755,85,130,113,607,720,237,54,106,202,372,1014,0,0,0,0.5
Kris Dunn,2016,5,280,133,951,2201,0.432076,149,473,0.315010571,0.741424,802,1728,0.46412037,6600,281,379,112,826,938,1178,408,117,496,799,2332,0,0,0,5.7
Buddy Hield,2016,6,564,374,3269,7525,0.434418,1755,4360,0.402522936,0.858147,1514,3165,0.47835703,16548,732,853,423,2026,2449,1447,485,171,986,1172,9025,0,0,0,21.9
Jamal Murray,2016,7,417,342,2588,5789,0.447054,859,2298,0.373803307,0.869118,1729,3491,0.495273561,12733,1016,1169,321,1212,1533,1774,396,130,839,763,7051,0,0,1,26.4
Marquese Chriss,2016,8,292,147,830,1822,0.455543,161,555,0.29009009,0.667244,669,1267,0.528018942,5338,385,577,362,1004,1366,298,187,227,348,738,2206,0,0,0,6.5
Jakob Poeltl,2016,9,505,252,1825,2887,0.632144,2,4,0.5,0.533936,1823,2883,0.632327437,10765,472,884,1316,2006,3322,838,296,626,563,1199,4124,0,0,0,36.5
Thon Maker,2016,10,263,65,425,976,0.43545,130,397,0.327455919,0.680115,295,579,0.509499136,3625,236,347,218,508,726,161,96,173,142,460,1216,0,0,0,6.6
Domantas Sabonis,2016,11,509,369,3023,5492,0.550436,219,667,0.328335832,0.726921,2804,4825,0.581139896,15069,1504,2069,1243,3730,4973,2171,387,238,1239,1593,7769,3,1,0,49.4
Taurean Prince,2016,12,440,238,1607,3820,0.42068,721,1954,0.368986694,0.816438,886,1866,0.474812433,10614,596,730,213,1399,1612,755,350,182,658,916,4531,0,0,0,9.9
Georgios Papagiannis,2016,13,39,0,74,144,0.513888,0,2,0,0.857142,74,142,0.521126761,477,12,14,37,86,123,29,7,23,32,56,160,0,0,0,0.4
Denzel Valentine,2016,14,256,45,680,1728,0.393518,361,1004,0.359561753,0.787234,319,724,0.440607735,4817,74,94,101,756,857,466,159,31,228,412,1795,0,0,0,4.5